numSplits,split,accuracy,precision,recall,model
1,1,0.7600288600288602,0.7260101010101009,0.7888888888888889,Logistic Regression,items-diff
1,1,0.5102453102453102,0.39848484848484844,0.4037037037037037,Logistic Regression,mouse-items-diff
1,1,0.586002886002886,0.47727272727272724,0.49259259259259264,Logistic Regression,stats-items-diff
1,1,0.508008658008658,0.2878787878787879,0.3333333333333333,Logistic Regression,mouse-stats-items-diff
1,1,0.7911255411255412,0.75,0.7777777777777777,Random Forest,items-diff
1,1,0.5708513708513708,0.5012626262626263,0.5666666666666665,Random Forest,mouse-items-diff
1,1,0.7283549783549783,0.673076923076923,0.7037037037037037,Random Forest,stats-items-diff
1,1,0.5572150072150072,0.4777777777777777,0.4962962962962963,Random Forest,mouse-stats-items-diff
1,1,0.806998556998557,0.7611111111111111,0.8148148148148148,Multi-layer Perceptron,items-diff
