accuracy,precision,recall,model,cv
0.9491836734693877,0.9827586206896552,0.9259259259259259,Random Forest,2
0.9901960784313726,0.9833333333333334,1.0,Random Forest,3
1.0,1.0,1.0,Random Forest,4
1.0,1.0,1.0,Random Forest,5
1.0,1.0,1.0,Random Forest,6
0.9897959183673469,0.9841269841269842,1.0,Random Forest,7
0.9886363636363636,1.0,0.9791666666666667,Random Forest,8
1.0,1.0,1.0,Random Forest,9
1.0,1.0,1.0,Random Forest,10
