accuracy,precision,recall
0.65,1.0,0.36363636363636365
0.65,1.0,0.36363636363636365
0.45,0.0,0.0
0.65,1.0,0.36363636363636365
0.5263157894736842,1.0,0.18181818181818182
