accuracy,precision,recall,model
0.8589473684210525,0.8651515151515152,0.9090909090909092,Logistic Regression
0.6347368421052632,1.0,0.3454545454545454,Random Forest
0.9394736842105263,0.9525641025641025,0.9454545454545455,Multi-layer Perceptron
