accuracy,precision,recall,model,features
0.8589473684210525,0.8651515151515152,0.9090909090909092,Logistic Regression,mouse
0.5847368421052632,0.8,0.2545454545454545,Random Forest,mouse
0.9394736842105263,0.9692307692307693,0.9272727272727274,Multi-layer Perceptron,mouse
0.9594736842105263,0.9692307692307693,0.9636363636363636,Logistic Regression,stats
0.9789473684210526,1.0,0.9636363636363636,Random Forest,stats
0.6257894736842105,0.6318933697881067,0.9272727272727274,Multi-layer Perceptron,stats
0.9594736842105263,0.9692307692307693,0.9636363636363636,Logistic Regression,mouse-stats
0.6763157894736842,0.63796783625731,1.0,Random Forest,mouse-stats
0.8694736842105264,0.8933333333333333,0.9454545454545455,Multi-layer Perceptron,mouse-stats
